names,Min,Mean,Mode,Max
Oral-Acoustic,3.2,8.249587286841912,8.333333333333334,17.985611510791365
Literat-Written,0.0,5.467229257890551,0.0,100.0
