names,Min,Mean,Mode,Max
Spotify,36.0,70.76820439557692,75.0,100.0
Literat-Written,0.0,70.70636999891491,100.0,100.0
