names,Min,Mean,Mode,Max
News,8.0,409.21649484536084,357.0,1188.0
Discussion,9.0,832.6727272727272,1002.0,1948.0
Science/Education,8.0,432.54794520547944,503.0,1097.0
Documentary,7.0,481.9521398987575,486.0,1546.0
Presentation,5.0,177.20221886031266,190.0,612.0
