names,Min,Mean,Mode,Max
News,1,2.741866408786351,1,31
Discussion,1,2.783293070179437,1,39
Science/Education,1,2.7081778806981434,1,28
Documentary,1,2.6397719367230272,1,31
