names,Min,Mean,Mode,Max
Dialog,1,2.7820576458519475,1,39
Monolog,1,2.6998644986449865,1,31
Cooperative-Monolog,1,2.6358098494258244,1,31
