names,Min,Mean,Mode,Max
Dialog,4.0,277.23853211009174,301.0,718.0
Monolog,5.0,143.43573667711598,139.0,477.0
Cooperative-Monolog,3.0,181.29728464419475,193.0,401.0
