Data,Effectsize,T-Statistic,P-Value
"Spoken, Written",-1.1817820933486909,-2.046906629155038,0.09601753027230568
