Data,Effectsize,T-Statistic,P-Value
"Spotify, Written",-1.1013630775212144,-1.9075778947298658,0.11473278482379771
