names,Min,Mean,Mode,Max
Spotify,36.0,70.76820439557692,75.0,100.0
NYTimes,0.0,66.4408016590412,50.0,100.0
Gigaword,0.0,71.49737446238717,100.0,100.0
