names,Min,Mean,Mode,Max
Spotify,3.0,188.2329259525521,192.0,718.0
NYTimes,1.0,20.24220229297901,2.0,1253.0
Gigaword,1.0,14.33663217656403,1.0,4426.0
