names,Min,Mean,Mode,Max
Spotify,1,2.6667252283907237,1,39
NYTimes,1,2.1351947344810513,1,204
Gigaword,1,2.0450513035815594,1,355
