Data,Effectsize,T-Statistic,P-Value
"Spoken, Written",0.007681931651613868,0.015363863303227736,0.9879791246574363
