Data,Effectsize,T-Statistic,P-Value
"Spoken, Written",-0.3598697363829353,-0.7197394727658706,0.49423417045544005
