Data,Effectsize,T-Statistic,P-Value
"Spotify, Written",-0.6226901561704361,-1.233762380184372,0.254436589695754
