names,Min,Mean,Mode,Max
Spotify,1.0,2.6667252283907237,1.0,39.0
NYTimes,1.0,2.1351947344810513,1.0,204.0
Gigaword,1.0,2.0450513035815594,1.0,355.0
