Data,Effectsize,T-Statistic,P-Value
"Spotify, Written",-0.39048343018684073,-0.7667426074916552,0.46520772798018206
