Data,Effectsize,T-Statistic,P-Value
"Spotify, Written",0.2702221219443972,0.47702266048201486,0.6445626604783903
