Data,Temporal,Contingency,Comparison,Expansion
Discourse Type Data,66.33095487932843,78.45708289611753,41.84700944386149,180.17712486883525
