Data,Temporal,Contingency,Comparison,Expansion
Dialog,109.07339449541284,218.21100917431193,86.96330275229357,357.04587155963304
Monolog,55.39498432601881,111.94670846394985,35.70219435736677,184.2131661442006
Cooperative-Monolog,99.81179775280899,85.21956928838951,59.765449438202246,233.0683520599251
Speech,24.977811396873424,42.73978819969743,16.094805849722643,93.38981341401916
