Data,Temporal,Contingency,Comparison,Expansion
Discourse Type Data,5.515169122284646,6.052080164649701,3.0087185131901597,15.430049695184351
