Data,Temporal,Contingency,Comparison,Expansion
Spotify,95.80733285406183,103.91624730409777,60.203091301222145,242.038820992092
TED,24.977811396873424,42.73978819969743,16.094805849722643,93.38981341401916
NYTimes,7.0299909789411625,8.043138336913374,4.1591236100617675,21.347931569287013
Gigaword,5.201182863935409,5.643014957283781,2.773812181896594,14.23855992234538
