Data,Temporal,Contingency,Comparison,Expansion
Spotify,19.086438070904595,20.7018707195582,11.993472102475675,48.21821910706153
TED,14.095653856661507,24.119217284400328,9.082733812949641,52.702395045988524
NYTimes,17.323703838192568,19.820359214641062,10.249149090372882,52.60678785679349
Gigaword,18.671296853319618,20.257393399055974,9.957479292385184,51.113830455239224
