Data,Spotify,TED,NYTimes,Gigaword
Temporal,19.086438070904595,14.095653856661507,17.323703838192568,18.671296853319618
Contingency,20.7018707195582,24.119217284400328,19.820359214641062,20.257393399055974
Comparison,11.993472102475675,9.082733812949641,10.249149090372882,9.957479292385184
Expansion,48.21821910706153,52.702395045988524,52.60678785679349,51.113830455239224
