Data,Temporal,Contingency,Comparison,Expansion
Discourse Type Data,66.33095487932843,71.06526757607556,45.54375655823715,151.70682056663168
