Data,Temporal,Contingency,Comparison,Expansion
News,55.95876288659794,120.84536082474227,41.103092783505154,191.30927835051546
Discussion,119.8,237.73181818181817,95.21818181818182,379.9227272727273
Science/Education,66.16438356164383,117.09931506849315,42.75684931506849,206.52739726027397
Documentary,99.14035895075932,87.84123331799356,59.8550391164289,235.1155085135757
Speech,24.977811396873424,42.73978819969743,16.094805849722643,93.38981341401916
