Data,Temporal,Contingency,Comparison,Expansion
News,1.1820557491289199,2.552700348432056,0.8682491289198606,4.041158536585366
Discussion,1.2269224663767102,2.434712092653222,0.9751696701191124,3.890949328698003
Science/Education,1.3196324700623752,2.3355172385529395,0.8527749166008672,4.119138495837557
Documentary,1.6328895449121559,1.4467874941665462,0.9858413729575901,3.872465863162807
Speech,1.2014103248860344,2.0557454778838724,0.7741457254863152,4.491966261256476
