Data,Temporal,Contingency,Comparison,Expansion
News,13.674610772408927,29.530911472766665,10.04433919484053,46.750138559983874
Discussion,14.38740528855602,28.55045090289757,11.435246850230364,45.626896958316046
Science/Education,15.296427666582215,27.07198505193818,9.884880922219407,47.746706359260195
Documentary,20.570581753529613,18.226132025567136,12.41929107919357,48.78399514170968
Presentation,14.095653856661507,24.119217284400328,9.082733812949641,52.702395045988524
